,url,text
0,https://www.rbc.ru/politics/25/03/2022/623dd1d99a7947780ae18ae6,"В комплексном договоре, на котором настаивает российская сторона на переговорах с Украиной, должны быть жизненно важные для России позиции — демилитаризация, денацификация, определение и признание Крыма и Донбасса. Без этих условий заключение договора маловероятно, заявил глава российской делегации, помощник президента Владимир Мединский, передает «РИА Новости». «Мы настаиваем на комплексном договоре, который помимо нейтрального статуса Украины, помимо гарантий безопасности Украины предусматривает еще целый ряд позиций, жизненно важных для нашей страны — демилитаризация, денацификация, определение и признание Крыма и Донбасса, а также целый ряд других договорных позиций, без рассмотрения и учета которых, я думаю, заключение договора маловероятно», — отметил он. Глава российской делегации подчеркнул, что по принципиальным для России позициям движения пока нет, поэтому он не разделяет оптимизма украинской стороны, которая заявляет о «большом продвижении вперед». Мединский указал, что Киев, в первую очередь, обеспокоен получением гарантий безопасности со стороны третьих стран в случае отказа от вступления в НАТО. Глава российской делегации считает эту позицию вполне объяснимой. В то же время, отмечает Мединский, Украина «ограничена в принятии собственных решений» и в ходе переговоров советуется с третьими сторонами. По его словам, украинская сторона стремится затянуть переговоры, полагая, что время работает на нее. «Они никуда не торопятся, полагают, что время работает на них, и откровенно говорят, что у них много центров принятия решений, с которыми нужно согласовать те или иные решения. Вот в таких реалиях мы находимся», — сказал Мединский. Мединский заявил, что делегации «топчутся на месте» по главным вопросам Политика Ранее Мединский сообщал, что позиции российской и украинской стороны по второстепенным вопросам сближаются, но по главным позициям они все еще «топчутся на месте». Он рассказал, что переговоры шли всю неделю и продолжатся завтра, 26 марта. Они идут по видеосвязи между экспертными группами, а два-три раза в неделю между собой общаются главы делегаций, в прошлый раз такой разговор состоялся накануне, 24 марта. С 24 февраля Россия проводит военную операцию по демилитаризации и «денацификации» Украины. С тех пор стороны провели несколько раундов переговоров в Белоруссии, затем обсуждение продолжилось в видеоформате. 18 марта Мединский заявил, что по вопросу демилитаризации Украины стороны находятся «где-то на полпути». Что касается денацификации, глава российской делегации назвал ситуацию странной, поскольку украинская сторона считает, что на Украине нет никаких нацистских образований. В то же время, по его словам, Москва и Киев «максимально сблизили свои позиции» по вопросам нейтрального статуса и отказа Украины от вступления в НАТО."
1,https://www.rbc.ru/politics/30/03/2022/624460919a79476dbb8b7d48,"Глава МИД Венгрии Петер Сийярто заявил, что несколько дней назад министр иностранных дел Украины Дмитрий Кулеба предложил украинскому послу в Будапеште «проконсультироваться о возможности влияния на результаты выборов в Венгрии», пишет портал Hirado. Парламентские выборы в стране пройдут 3 апреля. По словам Сийярто, Киев заинтересован в политическом усилении венгерских левых партий, так как надеется, что с их приходом к власти изменится позиция Будапешта насчет отправки оружия на Украину. «Президент Украины постоянно нападает на венгерское правительство за то, что мы приняли решение не поставлять оружие на Украину в целях обеспечения безопасности венгерского народа, а также не голосовать за санкции, которые ставят под угрозу безопасность нашего энергоснабжения», — заявил Сийярто. Венгрия запретила поставлять оружие на Украину со своей территории Политика Министр заявил, что Венгрия не должна быть втянута в украинский конфликт и подвергать своих граждан опасности. «Если бы венгерские левые вошли в правительство, они немедленно начали бы поставки оружия и они бы немедленно проголосовали за санкции в отношении нефти и природного газа», — пояснил глава МИДа. 27 февраля премьер-министр Венгрии Виктор Орбан заявил, что республика не будет поставлять оружие на Украину, так как ей необходимо все имеющееся вооружение для собственной защиты. Орбан также подтвердил позицию Будапешта, согласно которой Венгрия не должна вмешиваться в проведение операции на Украине. Также республика запретила транзитные поставки оружия на Украину через свою территорию. О поставках Украине оружия сообщили в том числе Дания, Швеция, Франция, Германия и Австралия. Киев критиковал Будапешт за принятые решения. «Что это такое? Хотите дешевого российского газа? Или, может, вы хотите наше Закарпатье?..» — отреагировала вице-премьер Украины Ирина Верещук. С критикой выступил и президент Украины Владимир Зеленский. Орбан на это ответил, что его страна отстаивает свои национальные интересы. Такое же мнение высказал и Сийярто: «Мы понимаем, что Украина и украинский народ превыше всего для президента Украины. А безопасность Венгрии и венгерского народа превыше всего для нас»."
2,https://www.rbc.ru/politics/31/03/2022/6245b24f9a7947e573b0d4ac,"Video В Минобороны России считают, что сын президента США Джо Байдена Хантер «сыграл важную роль» в финансировании работы с патогенами в биолабораториях на территории Украины, заявил начальник войск радиационной, химической и биологической защиты Вооруженных сил России Игорь Кириллов. Генерал-лейтенант показал презентацию, где были представлены фрагменты переписки, как утверждает Кириллов, Хантера Байдена, сотрудников Управления по снижению угрозы Минобороны США (DTRA) и подрядных организаций Пентагона на Украине. По требованию Роскомнадзора РБК приводит данные о деталях военной операции на Украине на основании информации российских официальных источников. «Содержание писем показывает, что Хантер Байден сыграл важную роль в создании финансовой возможности проведения работ с патогенами на территории Украины, обеспечив привлечение средств для компаний Black and Veatch и Metabiota, — заявил начальник войск РХБ. — Опубликованная переписка свидетельствует о том, что истинные цели Пентагона на Украине далеки от научных. Так, в одном из писем вице-президент Metabiota отмечает, что деятельность компании будет направлена на обеспечение «…культурной и экономической независимости Украины от России…», что довольно странно для биотехнологической компании». Кириллов также поименно перечислил тех, кого в российском Минобороны подозревают в причастности к работе биолабораторий на территории Украины и к изучению там опасных патогенов. Это бывший сотрудник DTRA Роберт Поуп, глава офиса DTRA на Украине Джоанна Уинтрол, глава украинского подразделения компании Black and Veatch Лэнс Липпенкотт и другие. В Минобороны связали фонд сына Байдена с биолабораториями на Украине Политика О причастности инвестиционного фонда Rosemont Seneca Technology Partners к финансированию работы биолабораторий на Украине Минобороны сообщило 24 марта. По данным ведомства, этим фондом руководит Хантер Байден. В 2020 году адвокат Байдена-младшего утверждал, что тот не является и не являлся совладельцем компании. Заявления о том, что в биолабораториях на Украине разрабатывалось биологическое оружие, Минобороны делает с начала марта. По его данным, эту программу финансировал в том числе Пентагон. Американские ведомства, в том числе Госдепартамент и Пентагон, отвергли обвинения в содействии разработке биологического оружия. Президент Украины Владимир Зеленский в ответ на публикации Минобороны заявил, что он — «президент адекватной страны» и что оружия массового поражения на Украине не разрабатывали."
3,https://www.rbc.ru/politics/30/03/2022/62444a769a79475f8b37f3b0,"Россия совместно с Ираном и Китаем намерена искать способы обхода санкций. Об этом заявил глава российского МИДа Сергей Лавров во время встречи в Китае с иранским министром иностранных дел Хоссейном Абдоллахианом. Лавров принимает участие в третьей конференции глав МИД стран — соседей Афганистана в китайском городе Туньси. Глава МИД Китая назвал неприемлемыми санкции против России Политика «Одним из инструментов такой неприемлемой политики является механизм односторонних нелегитимных санкций. В наших отношениях с Ираном, с другими близкими партнерами будем добиваться осуждения этого неприемлемого явления в международных дискуссиях. Также будем выстраивать практические шаги, которые позволят обходить эти незаконные действия», — сказал Лавров. Российский министр вновь обвинил Запад в попытке с помощью санкций «подорвать принцип суверенного равенства государств и невмешательства во внутренние дела других стран». «Заинтересованы в наращивании партнерства с Ираном, нашими друзьями и соседями по всем направлениям: в двусторонних делах, на Каспии и в других региональных вопросах. В более широком плане наши взаимодействия имеют важнейшие значения для того, чтобы вести разговор на универсальном уровне по отстаиванию ключевых вопросов, касающихся дальнейшего мироустройства», — сказал Лавров. На состоявшейся там же встрече с главой МИД Пакистана Мехмудом Куреши Лавров заявил о попытках Запада сделать из Украины центр мировой политики. «Те, кто раньше пытался сделать Афганистан центром мировой политики, теперь старается заставить Украину «заменить» Афганистан. Мы все понимаем, как на самом деле обстоит дело», — сказал Лавров. Как сообщило после встречи российское внешнеполитическое ведомство, министры подтвердили необходимость дальнейшей координации действий, в первую очередь в рамках расширенной «тройки» — Россия, США, Китай и Пакистан — по обеспечению стабильности и безопасности в Афганистане. «В качестве приоритетных задач определены увеличение товарооборота и реализация ряда проектов в энергетической сфере, включая строительство газопровода «Пакистанский поток», — говорится в сообщении МИДа. Зампостпреда при ООН назвала причиной продовольственного кризиса санкции Политика В конце февраля и марте США, ЕС, Великобритания и ряд других стран начали ужесточать санкции против России. Почти за месяц были введены несколько пакетов ограничений, которые затронули значительную часть российских компаний, в частности, связанных с оборонным и энергетическим секторами, банки, транспортные компании, парламентариев, чиновников, бизнесменом и журналистов, а также членов семей подпавших под санкции лиц. В конце февраля Евросоюз и США решили заблокировать активы Банка России, заморозив его транзакции с целью ограничить «использование собственных международных резервов для ослабления воздействия западных санкций». Глава Минфина Антон Силуанов отмечал, что Россия из-за ограничений лишилась доступа почти к половине своих золотовалютных резервов — $300 млрд. Россия в ответ на заморозку резервов в долларах и евро ограничила движение средств, которые могли быть перечислены в недружественные страны, на сопоставимую сумму. Иностранным инвесторам запретили продажу ценных бумаг и вывод средств из российской финансовой системы. США в начале марта предупреждали о последствиях для тех стран и компаний, которые попытаются обойти санкции против России. В частности, Вашингтон адресовал такое предупреждение китайскому бизнесу. Как заявила министр торговли США Джина Раймондо, китайские компании, которые игнорируют ограничения США на экспорт в Россию, могут лишиться американского оборудования и программного обеспечения, необходимого им для производства своей продукции. ЕС расширил санкции в отношении России за счет «правила 50%» Экономика Помешать России обойти санкции с помощью криптовалют обещал Евросоюз. Сообщая об этом, министр экономики, финансов и восстановления Франции Брюно Ле Мэр не раскрыл конкретных шагов в этой сфере. Экс-президент России, бывший премьер-министр, а ныне заместитель председателя Совета безопасности Дмитрий Медведев заявил 30 марта, что санкции против России вернутся западным странам бумерангом, не достигнув результатов. По словам Медведева, из-за санкций против России глобальная инфляция увеличивается и в Европе, возможно, начинается рецессия. Бывший премьер считает, что не все государства успешно справятся с таким спадом, а запрет на экспорт российских энергоресурсов ударил по обычным гражданам западных стран, владеющим автомобилями и живущим в домах с газовым отоплением."
4,https://www.rbc.ru/politics/27/03/2022/62407f159a79479583947115,"Переговоры российской и украинской делегаций пройдут 29–30 марта в очном формате. Об этом в своем Telegram-канале заявил глава российской делегации, помощник президента Владимир Мединский. «Сегодня прошел очередной раунд переговоров с Украиной по ВКС. В результате принято решение встретиться в очном формате 29–30 марта», — написал он. В свою очередь член украинской делегации на переговорах Давид Арахамия уточнил, что переговоры пройдут с 28 по 30 марта в Турции. Медведев назвал цели России и Украины на переговорах Политика 24 февраля президент Владимир Путин объявил о начале военной операции на Украине, целью которой он назвал «демилитаризацию и денацификацию» соседней страны. Среди других требований — признание Киевом Крыма российским, а ДНР и ЛНР — независимыми государствами. С тех пор стороны провели несколько раундов переговоров в Белоруссии, затем обсуждение продолжилось в видеоформате. 18 марта Мединский заявил, что по вопросу демилитаризации Украины стороны находятся «где-то на полпути», подчеркнув, что не уполномочен раскрывать детали. «Что касается денацификации — ситуация достаточно странная, потому что украинские коллеги с другой стороны стола считают, что на Украине нет никаких нацистских образований», — добавил он. В то же время, по словам помощника президента, Москва и Киев «максимально сблизили свои позиции» по вопросам нейтрального статуса и отказа Украины от вступления в НАТО. В Киеве в ответ подчеркнули, что модель нейтралитета может быть лишь украинской и в условиях «юридически выверенных гарантий безопасности». 21 марта президент Украины Владимир Зеленский объявил, что проведет всеукраинский референдум по достигнутым с Россией договоренностям. При этом он охарактеризовал ежедневные переговоры как «очень сложные» и «иногда скандальные». Однако, по его словам, они «продвигаются шаг за шагом». Пресс-секретарь президента России Дмитрий Песков в ответ на предложение Зеленского по проведению референдума заявил, что «в настоящий момент вынесение их [деталей переговоров] на публику может только повредить переговорному процессу, который и так идет гораздо медленнее и менее содержательно, чем нам хотелось бы»."
5,https://www.rbc.ru/politics/29/03/2022/6242ff049a794771598c843a,"Киев предложил включить в соглашение с Россией формулировку о том, что Москва не будет против вступления Украины в Евросоюз. Об этом говорится в письменных предложениях, которые зачитал в эфире «Первого канала» помощник президента и глава российской делегации Владимир Мединский. «Украина отказывается от вступления в военные союзы, от размещения иностранных военных баз, контингентов, проведения военных учений на территории Украины без согласия государств-гарантов, включая Российскую Федерацию. Со своей стороны Российская Федерация не возражает против стремления Украины вступить в Европейский союз», — зачитал Мединский предложение Украины. По его словам, это и другие положения «ни в коем случае не положения договора, а предложения, которые мы считаем конструктивным шагом к поиску компромисса», подчеркнул Мединский. В заголовок и текст новости были внесены изменения после проверки сообщений информационных агентств. Украина подала заявку на вступление в Евросоюз на фоне военной спецоперации России 28 февраля. Президент Владимир Зеленский попросил принять страну в ЕС немедленно, по «новой специальной процедуре». Скорое вступление Украины в ЕС поддержали восемь стран-участниц — Болгария, Чехия, Эстония, Латвия, Литва, Польша, Словакия и Словения. Вопрос возможного членства Украины лидеры стран ЕС обсудили на неформальном саммите в Версале 10 марта. В совместном заявлении по итогам встречи говорилось, что заключение по украинской заявке даст Еврокомиссия, а до того времени планируется укреплять партнерские отношения с Киевом. При этом ряд представителей стран ЕС отметили, что оценка ЕК может занять продолжительное время. В частности, премьер-министр Нидерландов Марк Рютте заявил, что «для вступления в ЕС нет ускоренной процедуры», а премьер-министр Хорватии Андрей Пленкович отметил, что «никто не вошел в Европейский союз за одну ночь». Тем не менее в Евросоюзе уже начали рассматривать заявку Украины. Как сообщил Reuters, в ЕС нет единого мнения о возможном ее членстве. Сторонники отказа Киеву в статусе кандидата опасаются, что принятие Украины в ЕС приведет к проблемам с другими странами, которые также подали заявки, — Молдавией и Грузией, а также с уже официальными кандидатами — Северной Македонией, Черногорией, Албанией и Сербией, пишет агентство. В свою очередь, в Кремле, комментируя вопрос возможного членства Украины в ЕС, отметили, что это вопрос другого разряда, нежели вопрос о возможном принятии страны в НАТО. «ЕС — это не военно-политический блок, то есть в этом плане <...> эта тема лежит в другой плоскости», — сказал пресс-секретарь президента Дмитрий Песков."
6,https://www.rbc.ru/politics/28/03/2022/62419e629a7947f08645ad36,"«Новая газета» приостановила выпуск после того, как получила второе предупреждение от Роскомнадзора, сообщили РБК в редакции издания. «Мы получили еще одно предупреждение Роскомнадзора. После этого мы приостанавливаем выпуск газеты в сетях и на бумаге до окончания «специальной операции на территории Украины», — говорится в сообщении. Ранее Роскомнадзор вынес повторное предупреждение редакции «Новой газеты» за отсутствие маркировки НКО-иноагента в материале. «Почта России» расследует пропажу подписки на «Новую газету» Технологии и медиа Роскомнадзор вынес первое предупреждение «Новой газете» 22 марта. Как заявили тогда в ведомстве, оно также было связано с отсутствием маркировки НКО-иноагента в одном из материалов. Роскомнадзор потребовал незамедлительно отредактировать материал без маркировки и сообщить об этом. У СМИ, которое получает два предупреждения Роскомнадзора в год, могут отозвать лицензию. В день, когда «Новая газета» получила первое предупреждение, главред издания Дмитрий Муратов сообщил, что намерен продать свою Нобелевскую медаль и передать полученные деньги в фонд помощи украинским беженцам. Он также заявил, что необходимо немедленно предпринять ряд шагов: прекратить огонь, обменять пленных, возвратить тела погибших, дать гуманитарные коридоры и помощь и обеспечить беженцев. 25 марта редакция «Новой газеты» сообщила, что «Почта России» закрыла подписку на сайте. Кроме того, издание получило многочисленные жалобы читателей о том, что компания не доставляет новые выпуски и не выдает газету в отделениях. В частности, в Петербурге в одном из киосков отказались продавать гражданам номер от 16 марта, еще ряд читателей получили вместо выпуска газеты записки от почтальонов о том, что газета запрещена руководством, а тираж признан экстремистским. Позже подписку на «Новую газету» на сайте «Почты России» восстановили, а в компании пообещали расследовать случившееся. «Никаких указаний от руководства компании снять издание с подписки не было и быть не могло — это прямое нарушение нашего договора с изданием», — заявили в «Почте России»."
7,https://www.rbc.ru/politics/30/03/2022/62445a089a79476af604c8a8,"Video Украина впервые выразила свою готовность выполнить ряд важнейших условий, чтобы в будущем построить нормальные отношения с Россией, заявил журналистам помощник президента и глава российской делегации Владимир Мединский. «Вчера украинская сторона впервые зафиксировала, причем в письменном виде, свою готовность к выполнению целого ряда важнейших условий для строительства в будущем нормальных и, надеюсь, добрососедских отношений с Россией», — сказал он. К чему пришли Москва и Киев на переговорах во дворце османских султанов Политика Российская и украинская делегации 29 марта провели очные переговоры в Стамбуле. По их итогам Москва получила от Киева письменные предложения по политическому урегулированию. Как сообщил Мединский, Украина предложила систему гарантий безопасности, включающую нейтральный статус государства. Гарантами этой системы могут стать постоянные члены Совета Безопасности ООН, а также Турция, Германия, Италия, Израиль, Польша и Канада. Эти гарантии безопасности не будут распространяться на Крым и Донбасс. Украина также отказывается от стремления вернуть эти территории военным путем. Помимо этого, страна хотела бы, чтобы Россия не возражала против ее вступления в ЕС. Россия, в свою очередь, пообещала сократить военную активность на двух направлениях — киевском и черниговском, а также заявила о возможности встречи президентов двух стран одновременно с тем, как их министры иностранных дел будут подписывать подготовленный договор. В то же время в Кремле заявили, что хоть передача Киевом письменных предложений и стала позитивным фактом, в остальном пока нет «чего-то сильно многообещающего, каких-то прорывов». Как отметил пресс-секретарь президента Дмитрий Песков, впереди Москву и Киев еще ждет длительная работа."
8,https://www.rbc.ru/rbcfreenews/623f388f9a79474d219ad7f0,"Минсельхоз Турции сообщил, что власти страны решили ввести запрет на рыбную ловлю в ночное время суток в части акватории Черного моря после обнаружения мины в Босфоре. Об этом министерство сообщило на своей странице в Twitter. «Для безопасности жизни и имущества наших рыбаков и нашего народа с сегодняшнего дня до следующего объявления вводится запрет на все виды рыбной ловли с захода до восхода солнца в водах Черного моря между Болгарией и Кефкеном», — говорится в заявлении. Турция заявила об отсутствии проблем с судоходством из-за мины в Босфоре Политика Ранее в Босфорском проливе было обнаружено устройство, похожее на мину. Власти Турции временно приостановили плавание судов в этом районе. Как позже заявил министр обороны страны Хулуси Акар, обнаруженная мина не навредит судоходству в Босфорском проливе. В середине марта ФСБ России сообщила, что некоторые мины, установленные военными Украины на подходах к черноморским портам, из-за обрыва тросов под воздействием течения начали дрейфовать в Черное море. «Мины под воздействием ветра и течения свободно перемещаются (дрейфуют) в западной части Черного моря. Обрыв минрепов говорит о неудовлетворительном техническом состоянии мин», — отмечали в ФСБ и предупреждали, что течение может унести мины в Босфор и Средиземное море."
9,https://www.rbc.ru/politics/26/03/2022/623f02449a79473a7403b051,"Президент США Джо Байден встретился с министрами иностранных дел и обороны Украины Дмитрием Кулебой и Алексеем Резниковым в Польше, сообщает Bloomberg. Ранее Белый дом анонсировал, что Байден приедет на встречу Кулебы и Резникова с американскими коллегами, госсекретарем Энтони Блинкеном и министром обороны Ллойдом Остином, в Варшаве. Байден присоединился к ним приблизительно через час после начала встречи и пробыл там около 40 минут, отмечает Bloomberg. Блинкен и Остин пообещали, что Соединенные Штаты продолжат оказывать гуманитарную и экономическую помощь Украине, сказал пресс-секретарь Госдепартамента Нед Прайс. В Киеве предложили ЕС хранить стратегический запас газа на Украине Политика Кулеба после разговора с Блинкеном и Остином написал в Twitter, что подобные встречи позволяют «искать практические решения как в политической, так и в оборонной сферах», чтобы усилить способность Украины противостоять России. В субботу Байден также встретился с президентом Польши Анджеем Дудой и украинскими беженцами. Ранее американский лидер принял участие в саммитах НАТО, G7 и ЕС. Глава Европейской комиссии Урсула фон дер Ляйен сообщила, что Евросоюз и США договорились о новом энергетическом партнерстве. В частности, речь идет о поставках в этом году как минимум 15 млрд кубометров американского СПГ. В ближайшие годы страны планируют добиться поставок не менее 50 млрд кубометров в год. Это позволит заменить 1/3 всех поставок российского газа в Европу, отметила фон дер Ляйен. Глава российского МИДа Сергей Лавров, говоря о «санкционном беспределе» Запада, заявил, что западные страны объявили России гибридную «тотальную» войну, чтобы ее разрушить."
10,https://www.rbc.ru/politics/29/03/2022/6243560b9a794711c1e075ee,"В районе села Красный Октябрь в Белгородской области произошли взрывы, жертв и пострадавших нет, разрушений на территории населенного пункта тоже, сообщил губернатор региона Вячеслав Гладков в своем Telegram-канале. «Сейчас на территории Белгорода и Белгородского района слышны взрывы. Инцидент произошел в районе села Красный Октябрь. Глава села сейчас находится на месте. Со мной на прямой связи. Оперативно мне сообщает всю информацию», — написал Гладков, добавив, что на месте сейчас работают экстренные службы. На данный момент взрывы прекратились, написал он позднее. По словам Гладкова, среди жителей села пострадавших нет. «На место прибыла оперативная группа МЧС. Сейчас будет проведен еще один обход села, чтобы осмотреть дома на наличие повреждений. О причине произошедшего сообщу после всех проведенных следственных мероприятий», — указал он. Село Красный Октябрь находится приблизительно в 12 км от российско-украинской границы. ТАСС со ссылкой на источник в экстренных службах сообщает, что при попадании снаряда в военный городок в Белгородской области были ранены четверо военнослужащих. «РИА Новости» со ссылкой на представителя экстренных служб рассказало о четырех раненых сотрудниках силовых структур при взрыве в области, не уточнив точное место происшествия. Гладков сообщил о превышенном лимите ЧП в Белгородской области Политика 23 марта в селе Журавлевка Белгородской области разорвался снаряд, выпущенный с украинской стороны. Губернатор сообщил о троих пострадавших мирных жителях. Для безопасности жителей в Журавлевке и на хуторе Нехотеевка ввели режим ЧС. Позже, в ночь на 24 марта, в селе произошло еще несколько взрывов, раненых и погибших не было, отмечал Гладков. О разрыве нескольких снарядов, залетевших на территорию области, губернатор сообщал 24 февраля. Тогда пострадали двое взрослых и ребенок 2015 года рождения. По факту произошедшего СК возбудил уголовное дело о покушении на убийство двух и более лиц. По словам Гладкова, в результате происшествия были повреждены семь домов. Проживавших там людей временно разместили в гостиницах и пообещали оказать помощь в восстановлении жилья, рассказал губернатор. Белгородская область граничит с Луганской народной республикой, а также с Харьковской и Сумской областями Украины."
11,https://www.rbc.ru/politics/30/03/2022/624425ca9a79474d8ea6836d,"Формулирование Украиной своих предложений на переговорах является позитивным фактом, однако пока нельзя констатировать чего-то многообещающего, заявил журналистам пресс-секретарь президента России Дмитрий Песков. «Позитивным является то, что украинская сторона по крайней мере начала конкретно формулировать и класть на бумагу то, что она предлагает. До сих пор нам не удавалось этого добиться», — сказал Песков. Однако, по его словам, предстоит длительная работа, поскольку в остальном пока нет «чего-то сильно многообещающего, каких-то прорывов». Пресс-секретарь президента добавил, что российская сторона избегает заявлений «по тем субстанциям, которые предметно находятся на столе переговоров» и воздерживается от их публичного обсуждения. Российско-украинские переговоры в Турции. Фоторепортаж Фотогалерея Он также заявил, что глава российской делегации на переговорах, помощник президента Владимир Мединский 30 марта планирует дать дополнительные разъяснения. Российско-украинские переговоры прошли во дворце Долмабахче в Стамбуле 29 марта. Изначально Мединский говорил, что они запланированы на 29–30 марта, однако в итоге они продлились один день. Как пояснил журналистам Песков, время переговоров «не сокращалось, не урезалось», они состоялись и делегации поехали в свои центры выверять позиции. По их итогам Киев передал Москве предложения, подтверждающие стремление к нейтральному и безъядерному статусу Украины. При этом Украина предложила систему гарантий безопасности для нее, гарантами могут стать постоянные члены Совбеза ООН и другие страны. Также инициативы украинской стороны предполагают отказ от стремления вернуть Крым военным путем, вопросы будут решаться только переговорами, указал Мединский. К чему пришли Москва и Киев на переговорах во дворце османских султанов Политика Песков в ходе общения с журналистами подчеркнул, что Крым является частью России, а Конституция исключает обсуждение судьбы российских регионов. Мединский после переговоров также заявил, что российская сторона сделала «два огромных шага к миру»: пообещав «сократить военную активность» на киевском и черниговском направлении и допустив возможность встречи президентов России и Украины одновременно с тем, как главы МИД будут подписывать подготовленный договор."
12,https://www.rbc.ru/politics/28/03/2022/624172c89a7947d90fcb9777,"Российская и украинская делегации начнут переговоры в Стамбуле «позже в понедельник», 28 марта, сообщил Reuters высокопоставленный турецкий чиновник. Другие детали он не раскрыл. По данным турецкого издания Haberturk, российская делегация прибудет в Стамбул в 16:00 (совпадает с мск). Глава российской делегации, помощник президента Владимир Мединский накануне заявил, что очные переговоры в Стамбуле пройдут 29–30 марта. При этом член украинской делегации, глава фракции «Слуги народа» в Верховной раде Давид Арахамия указывал, что они начнутся 28 марта. Глава МИД России Сергей Лавров в интервью сербским СМИ заявил, что переговоры в Стамбуле начнутся «сегодня-завтра», передает «РИА Новости». Мединский заявил, что делегации «топчутся на месте» по главным вопросам Политика Переговоры между российской и украинской делегацией идут с 28 февраля, сначала прошли три очные встречи в Белоруссии, после чего обсуждения продолжились в онлайн-формате. Мединский пояснял, что такой формат экономит силы и средства, а переговоры по видео-конференц-связи идут ежедневно. Главы делегаций общаются два-три раза в неделю, отмечал он. По словам Мединского, позиции Москвы и Киева сближаются по второстепенным вопросам, но по главным переговорщики «топчутся на месте». Российская сторона настаивает на комплексном договоре, который помимо нейтрального статуса и гарантий безопасности Украине предусматривает ряд «жизненно важных» для России позиций, включая «демилитаризацию, денацификацию, определение и признание Крыма и Донбасса». Путин и Эрдоган договорились о встрече делегаций по Украине в Стамбуле Политика Помощник президента отмечал, что позиции сторон максимально сблизились по вопросу нейтрального статуса, по вопросу демилитаризации — они «где-то на полпути». Говоря о «денацификации», он указал, что в Киеве считают, что «на Украине нет никаких нацистских образований». Зеленский говорил, что переговоры проходят «сложно, иногда скандально», но стороны продвигаются «шаг за шагом»."
13,https://www.rbc.ru/politics/26/03/2022/62074b119a7947b0e49b36f7,"Главное к 19.00 мск Президент Владимир Путин заявил, что «на первый план у Запада выходит задача расколоть российское общество, разрушить страну». «Но и это не получается». Замглавы МИД Евгений Иванов предположил, что процесс восстановления отношений со странами Запада будет долгим и трудным. При этом он отметил, что «большинство стран мира, в том числе такие крупные страны, как Китай, Индия и Бразилия поддерживают России и прекрасно понимают, какие цели преследуются на Украине». В Тирасполе прогремели несколько взрывов возле здания МГБ непризнанной Приднестровской Молдавской республики. Росгвардия заявила, что ее военнослужащие предотвратили попытку прорыва танков в Харьковской области, а в результате боя была уничтожена бронегруппа Вооруженных сил Украины. Спикер Верховной рады Украины Руслан Стефанчук заявил, что Киев в любом случае не намерен исключать из конституции пункт о вступлении в НАТО. По его словам, это положение останется даже в случае предоставления Украине гарантий безопасности. Спикер Государственной думы Вячеслав Володин заявил, что «если бы Россия вела полномасштабную войну, всё давно закончилось бы». По его словам, речь идет именно о специальной военной операции, при которой города «не утюжат» ковровыми бомбардировками, оставляя после себя выжженную землю. «Российские солдаты и офицеры не убивают, а освобождают гражданских, жертвуя своими жизнями», — заявил Володин. Министр обороны Великобритании Бен Уоллес сообщил, что Лондон поставит Украине небольшое число бронемашин Stormer с установленными на них средствами ПВО. Минобороны сообщило, что с 14:00 российская армия и силы ДНР прекращают военные действия возле предприятия «Азовсталь» в Мариуполе и открывают гуманитарный коридор для выхода гражданских лиц. Минобороны в утренней сводке сообщило об уничтожении на окраине Кременчуга объектов нефтеперерабатывающего завода и хранилищ с нефтепродуктами для украинской армии. В военном ведомстве рассказали, что за последние сутки ударами авиации были поражены 56 военных объектов Украины. Среди них: два пункта управления, а также топливное хранилище в районе населенного пункта Новая Дмитровка. Глава ДНР Денис Пушилин заявил в интервью телеканалу «Россия 24», что на территории завода «Азовсталь» в Мариуполе находятся около 400 иностранных наемников. Заместитель министра иностранных дел Андрей Руденко заявил, что очная встреча делегаций России и Украины будет рассматриваться в случае, если будут содержательные договоренности. По его словам, пока их нет. Также Руденко заявил, что ничего не слышал оподготовке российскими властями какого-либо референдума в Херсоне. Помимо этого Руденко заявил, что российская сторона рассчитывает обсудить ситуацию вокруг Мариуполя и «Азовстали» в ходе предстоящего визита в Москву генсека ООН Антониу Гуттериша. Губернатор Белгородской области Вячеслав Гладков продлил до 10 мая действие «желтого» уровня террористической опасности на территории региона. Москва направила Вашингтону ноту с требованием прекратить поставлять Киеву оружие, сообщил посол России в США Анатолий Антонов. По словам дипломата, в общей сложности Соединенные Штаты поставили вооружение Киеву на $800 млн. Дипломат указал, что эта огромная цифра, которая никак «не способствует поиску дипломатического решения конфликта». Евросоюз готовит шестой пакет санкций против России, который может включать постепенный запрет на импорт российской нефти или установление тарифов на импорт сверх определенного уровня, заявил заместитель главы Еврокомиссии Валдис Домбровскис. По его словам, хотя детали запрета на импорт российской нефти еще не согласованы, сделать это страны ЕС смогут в следующем месяце. Индекс Мосбиржи по итогам торгов в понедельник снизился на 2% до отметки в 2186 пунктов. Курс доллара по состоянию на 18:40 составил ₽73,16, курс евро — ₽77,23. Официальный представитель МИД России Мария Захарова заявила, что Хорватия отказала в гуманитарном рейсе для эвакуации из Загреба сотрудников российского посольства и членов их семей (в том числе и малолетних детей). «Речь идет о людях, которым сами хорватские власти беспричинно предписали покинуть страну. Негуманное, издевательское отношение к нашим согражданам не останется без достойного ответа», - сказала она. МИД России объявил персонами нон грата 40 сотрудников посольства Германии. Это — ответ на решение немецких властей от 4 апреля выслать 40 российских дипломатов. ФСБ сообщила о задержании членов неонацистской террористической организции, которая планировала убийство журналиста Владимира Соловьева. У них были обнаружен восемь зажигательных устройств по типу «коктейля Молотова», пистолеты, обрез, граната, поддельные украинские паспорта. Общемировые военные расходы в 2021 году достигли $2,113 трлн, рост составил 0,7% в реальном выражении, следует из данных Стокгольмского международного института исследований проблем мира (SIPRI). В пятерку стран, которые потратили больше всего, вошли США, Китай, Индия, Великобритания и Россия, на них приходится 62% расходов. Государственный секретарь США Энтони Блинкен и министр обороны США Ллойд Остин 25 апреля приехали в Киев. Они пообещали вернуть дипломатов на Украину и оказать военную помощь Украине на $322 млн, сообщает Reuters. Должность посла США в стране оставалась свободна с мая 2019 года, страну на Украине представляет временный поверенный. Россия активно переходит на расчеты в нацвалютах с Арменией и Азербайджаном: около 30% торговли с Баку идет в рублях, а Ереван оплачивает ими газ, сообщил директор четвертого департамента стран СНГ российского МИДа Денис Гончар. Где идут боевые действия По требованию Роскомнадзора РБК приводит данные о деталях военной операции на Украине на основании информации российских официальных источников. За ночь на 20 апреля российские ракетные войска и артиллерия за минувшие сутки нанесли удары по 1053 военным объектам на территории Украины, сообщил официальный представитель Минобороны Игорь Конашенков. В результате, по данным ведомства, были уничтожены 910 опорных пунктов и «районов сосредоточения живой силы противника», 106 огневых позиций артиллерии, 31 пункт управления и шесть складов горюче-смазочных материалов. За ночь ВКС России нанесли удары по 73 украинским объектам, в том числе, четырем пунктам управления и четырем складам боеприпасов, и уничтожили шесть танков, девять бронемашин и батарею 152-мм гаубиц «Мста-Б». Силы ПВО сбили две тактические ракеты Украины «Точка-У» и шесть беспилотников. Минобороны в ходе вечернего брифинга 19 апреля сообщило об атаках на очередные военные объекты Украины. В частности, в районе Барвенково (Харьковская область) ракетами воздушного базирования удалось уничтожить пусковую установку зенитного ракетного комплекса «Бук-М1». Помимо этого в районах населенных пунктов Мирное, Славянск и Попасная в ходе атак с воздуха были уничтожены 15 единиц бронетехники. Потери в живой силе украинской армии в Минобороны оценили в 180 человек. Утром 19 апреля российское оборонное ведомство сообщило, что ракетные войска и артиллерия сухопутных войск России в течение ночи нанесли удары по 1 260 военным объектам ВСУ, высокоточными ракетами воздушного базирования были подавлены 13 опорных пунктов подразделений украинских войск. Российская авиация нанесла удары по 60 военным объектам Украины, в том числе уничтожены два склада с боеголовками ракет «Точка-У» в Червоной Поляне и Балаклее. Российскими средствами ПВО в районе Малиновки сбит украинский Миг-29, в районах Петрополья и Малой Камышевахи перехвачены две ракеты «Точка-У». Вечером 18 апреля Минобороны сообщило о нанесении удара высокоточными ракетами по 124-му объединенному центру обеспечения тыла командования сил логистики украинских войск в районе Львова и уничтожении «крупных партий иностранного вооружения». Еще один крупный склад боеприпасов был уничтожен в районе города Васильков (Киевская область). По данным военного ведомства помимо этого уничтожен также завод по ремонту головных частей тактических ракет «Точка-У» в Днепре. 18 апреля Минобороны сообщило о нанесении ударов высокоточными ракетами с самолетов по 16 украинским военным объектам, были уничтожены пять командных пунктов противника, хранилище топлива, три склада боеприпасов, а также личный состав и военная техника, сосредоточенные в районах населенных пунктов Барвенково, Гуляй поле, Камышеваха, Зеленое поле, Великомихайловка и Николаев. Авиация также нанесла удары по 108 районам сосредоточения личного состава и украинской военной техники. Ракетами «Искандер» российские военные уничтожили четыре склада вооружения и украинской военной техники, а также три района сосредоточения живой силы противника у населенных пунктов Попасная, Ямполь и Краматорск. Российские артиллерийские подразделения в течении ночи нанесли удары по 315 объектам украинских войск. Минобороны также сообщило, что силы ПВО сбили три украинских боевых самолета: два истребителя МиГ-29 в районе Изюма и Су-25 в районе Авдеевки. Также были сбиты 11 украинских беспилотных летательных аппаратов. 16 апреля Министерство обороны сообщило о взятии под контроль в Мариуполе металлургического завода имени Ильича. Военное ведомство рассказало об атаке ракетами «Калибр» по Жулянскому машиностроительному заводу «Визар» в Киеве, где производились и ремонтировались зенитно-ракетные комплексы и корабельные ракеты. В Минобороны предупредили, что масштабы ракетных ударов по объектам в Киеве будут наращиваться в ответ на атаки и диверсии на территории России. 15 апреля Министерство обороны сообщило о взятии под контроль в Мариуполе металлургического завода имени Ильича. До этого в военном ведомстве рассказывали о том, что более тысячи бойцов 26-й бригады морской пехоты ВСУ, оборонявших предприятие, сдались в плен. 11 апреля Минобороны России сообщило о занятии в Харьковской области села Каменка. В военном ведомстве отметили, что это был «один из самых укрепленных рубежей обороны в Изюмском районе». Вечером 7 апреля Минобороны России сообщило, что российские подразделения полностью блокировали населенные пункты Угледар и Новомихайловка (к юго-западу от Донецка). Утром 7 апреля Минобороны России сообщило об уничтожении четырех баз хранения горюче-смазочных материалов у Николаева, в Запорожье, под Харьковом и под Чугуевым. Также в ведомстве заявили о полной зачистке поселка Сладкое. По сообщению Минобороны на утро 6 апреля, российские военные высокоточными ракетами воздушного и наземного базирования уничтожили пять баз хранения горюче-смазочных материалов на Украине в районах населенных пунктов Радехов (Волынская область), Казатин (Винницкая область), Просяная (Днепропетровская область), Николаев (Николаевская область) и Новомосковск (Днепропетровская область). К концу дня 5 апреля Минобороны сообщило об уничтожении еще двух украинских вертолетов в районе Мариуполя. В военном ведомстве считают, что на них пытались эвакуировать руководителей националистов. Формирования ЛНР продолжали вести бои на окраине села Новотошковское (к востоку от Северодонецка). Утром 5 апреля Минобороны сообщило об уничтожении накануне вечером в районе Очакова Центра подготовки украинских сил специальных операций, использовавшегося в том числе «для размещения иностранных наемников». Также высокоточными ракетами были уничтожены четыре хранилища топлива для снабжения группировок украинских войск в районах населенных пунктов Кременец, Черкассы, Запорожье и Новомосковск. За ночь авиацией ВКС России и ракетными войсками поражены 134 военных объекта Украины, сбиты четыре украинских беспилотника. Вечером 4 апреля Минобороны сообщило, что в ходе наступления народная милиция блокировала Новотошковское, Боровское и Метелкино (населенные пункты к востоку от Северодонецка). Ранее сообщалось лишь о частичной блокировке Новотошковского и Метелкино. Также Минобороны предложило украинским военным сложить оружие и покинуть Мариуполь. Они смогут выйти из города с 6:00 вторника, 5 апреля. В российском ведомстве утверждают, что маршрут согласован с Киевом, а сложившим оружие военным обещают сохранить жизнь. Утром 4 апреля российское Минобороны сообщило о том, что российская авиация в течение ночи поразила 14 военных объектов Украины, в их числе два пункта управления, две пусковые установки зенитных ракетных комплексов «Бук-М1» в районах Красногорка (Кировоградская область) и Верхнеторецкое (Донецкая область), одна артиллерийская батарея, два склада ракетно-артиллерийского вооружения и боеприпасов и три склада горючего, а также шесть опорных пунктов и районов сосредоточения боевой техники украинских войск. Вооруженные силы России также нанесли удар по аэродрому в пригороде Николаева, уничтожив три вертолета ВСУ. Кроме того, по данным Минобороны, российские военные за минувшую ночь сбили шесть беспилотных летательных аппаратов в районах населенных пунктов Николаев, Херсон, Кураховка (Донецкая область), Индустриальное (Луганская область), Великая Новоселка (Донецкая область). Всего с начала спецоперации сбито 392 украинских беспилотника. По сообщению Минобороны от 3 апреля, подразделения ЛНР блокировали населенный пункт Боровское (поселок в Луганской области) с востока и юга. Также был выведен из строя аэродром Миргород в Полтавской области. Ударом ракеты «Искандер» по штабу обороны в Харькове убиты свыше 100 «националистов и наемников западных стран». За день российские военные поразили 28 военных объектов Украины. Глава Чечни Рамзан Кадыров заявил, что чеченские бойцы приступили к штурму завода в Мариуполе. Ранее он потребовал от украинских сил покинуть территорию «Азовстали», пригрозив начать штурм. 31 марта Минобороны сообщило о полном занятии населенного пункта Золотая Нива. Российские подразделения «форсировали реку Кашлагач и закрепились на выгодном рубеже». По данным Минобороны России, подразделения ЛНР завершили зачистку Житловки, продвинулись на 5 км и ведут бой на окраине Кременной. 30 марта Минобороны России сообщило о прорыве обороны противника, форсировании реки Шайтанка, выходе к Великой Новоселке и зачистке от националистов Золотой Нивы. В Минобороны также сообщили, что народная милиция ЛНР продолжила наступление на Северодонецк и ведет зачистку населенного пункта Житловка. 28 марта Минобороны сообщило о том, что российским подразделениям удалось вклиниться на 2 км вглубь обороны 95-й десантно-штурмовой бригады украинской армии и выйти к южным окраинам Новоселовки. По данным военного ведомства, народная милиция ЛНР овладела населенными пунктами Ивановка, Новосадовое, выйдя на рубеж Новолюблино — Терны. Утром 25 марта Минобороны сообщило о том, что за ночь Вооруженные силы России продвинулись на 4 км и овладели населенными пунктами Батманка, Михайловка, Красный Партизан, Ставки и Троицкое. Утром 24 марта Минобороны заявило, что российские вооруженные силы взяли под полный контроль город Изюм в Харьковской области Украины. Согласно утренней сводке, российская авиация за ночь нанесла удары по 60 военным объектам Украины. Под Киевом высокоточным оружием были поражены 13 зенитно-ракетных систем ВСУ. 23 марта Минобороны сообщило, что подразделения ВС России продвинулись на 2 км и ведут бои на южных окраинах Новомихайловки. Отряды ДНР, в свою очередь, вели бои за овладение Каменкой и Новобахмутовкой. В тот же день российские военные сообщили об ударе «высокоточным оружием большой дальности морского базирования» по военным объектам в районе украинского города Ровно. По данным Минобороны, там был уничтожен арсенал с вооружением и военной техникой. 22 марта Минобороны заявило о потере Киевом контроля над десятью населенными пунктами. Российские военные заняли поселок Урожайное в Донецкой области и продвинулись на 6 км, силы Донецкой народной республики взяли четыре населенных пункта: Славное, Трудовской, Шахта Челюскинцев и Марьинка. Еще пять украинских населенных пунктов, по данным Минобороны, перешли под контроль народной милиции ЛНР: Калиново, Попасная, Новоалександровка, Степное и Богуславское. 21 марта военное ведомство заявляло о вытеснении подразделениями ВДВ России из пригорода Киева украинских военнослужащих, которые при отступлении бросили исправную бронетехнику и оружие. В Минобороны не уточнили, о действиях в каком конкретно населенном пункте идет речь, но опубликовали видео с подбитыми танками Т-64 и Т-72, танковыми боекомплектами, БТР-70, ПЗРК, а также различными видами стрелкового вооружения. 20 марта российские военные уничтожили более сотни военнослужащих Вооруженных сил Украины (ВСУ) и иностранных наемников в Житомирской области, сообщило Минобороны. Российские силы нанесли удар по объекту в районе города Овруч в Житомирской области, где, по данным Минобороны, находился центр подготовки сил специальных операций ВСУ и разместились иностранные наемники. Удар был нанесен «высокоточными ракетами воздушного базирования». 19 марта российские военные сообщили об уничтожении центров радио- и радиотехнической разведки украинских вооруженных сил в Одесской области. Объекты находились в поселках Великий Дальник и Великодолинское, удар был нанесен береговым ракетным комплексом «Бастион». 18 марта Вооруженные силы России сообщили об уничтожении огневых точек, с которых украинские военные, по сообщению официального представителя Минобороны Игоря Конашенкова, обстреливали ракетами Мелитополь. Конашенков заявил, что жилые районы города обстреливались ракетами «Точка У» с кассетными боевыми частями. Российскими средствами ПВО ракетная атака была отражена, пусковые комплексы были уничтожены ракетными комплексами «Искандер». Обстрел велся с юго-восточной окраины города Запорожье. 17 марта Минобороны России сообщило о том, что народная милиция Луганской народной республики в течение ночи «вела успешные бои против украинских националистов внутри Северодонецка и Рубежного». В военном ведомстве рассказали о том, что подразделения ДНР ведут наступление на Марьинку, Славное и Сладкое, продвинувшись за сутки на 4 км. Минобороны сообщило о том, что вечером 16 марта был нанесен авиационный удар по арсеналу хранения боеприпасов в городе Сарны (Ровненская область). 16 марта Минобороны России сообщило о наступлении народной милиции ЛНР на северо-западе, северо-востоке и востоке Северодонецка. По данным российского военного ведомства, силы ДНР взяли под контроль Михайловку, Ставки, Бетманово (Красный Партизан), Васильевку. В Росгвардии сообщили, что без потерь отразили попытку националистов отбить Каховскую ГЭС в Херсонской области. В ведомстве отметили, что изначально «украинская сторона сдала станцию без боя, местная военизированная охрана сложила оружие и разошлась по домам». Вечером 13 марта Минобороны России сообщило о том, что народная милиция ЛНР «освободила от националистов город Попасная». Вооруженные силы России установили полный контроль над населенными пунктами Павловка, Никольское, Благодатное, Водяновка и Владимировка. В Минобороны России сообщили о том, что утром 13 марта высокоточным оружием был нанесен удар по учебным центрам Вооруженных сил Украины в населенном пункте Старичи и на военном полигоне Яворовский. В военном ведомстве рассказали, что именно там были расположены пункт подготовки и боевого слаживания иностранных наемников, а также база хранения поступающего от зарубежных стран вооружения и военной техники. Результатом удара стала гибель 180 иностранных наемников и крупной партии оружия. Утром 13 марта в Минобороны сообщили, что Вооруженные силы России установили контроль над южными районами населенных пунктов Благодатное, Владимировка, Павловка и Никольское. По данным Минобороны России, народная милиция ЛНР заблокировала населенный пункт Боровское, а также восточную и южную части Северодонецка. Помимо этого подразделениям ЛНР удалось закрепиться в северных районах города Попасная. Минобороны России 12 марта показало карту южных территорий Украины, которые перешли под контроль российских войск и народной милиции ДНР. «Вооруженные силы Российской Федерации, продолжая наступление на широком фронте, вышли на рубеж Новодонецкое — Новомайорское — Егоровка. Продвижение составило 11 км», — заявило ведомство. 9 марта Минобороны сообщило, что в частях российских Вооруженных сил, участвующих в проведении специальной военной операции, «к сожалению, обнаружилось несколько фактов присутствия военнослужащих срочной службы». «Практически все такие военнослужащие уже выведены на территорию России». В военном ведомстве при этом указали, что в результате нападения диверсионной группы нацбатальона «ряд военнослужащих, в том числе и срочной службы, были захвачены». Владимир Путин дал указание направить в Главную военную прокуратуру материалы о выявленных случаях присутствия солдат-срочников в частях, участвующих в специальной военной операции. «Материалы направлены для проверки, правовой оценки действий и наказания должностных лиц, ответственных за невыполнение указания президента», — цитирует главу государства агентство ТАСС. Песков добавил, что еще до начала операции до всех командиров подразделений Вооруженных сил было доведено указание: категорически исключить привлечение военнослужащих срочной службы для выполнения любых задач на территории Украины. «Президенту Путину было доложено о выполнении этого указания», — сказал он. В Минобороны России 9 марта сообщили, что подразделения российских Вооруженных сил взяли под контроль населенные пункты Красная Поляна и Степное. Народная милиция ЛНР заняла Тошковку и Грачево, народная милиция ДНР — Сигнальное, Тарамчук, Еленов и Трудовое. В Мариуполе силы ДНР продвинулись вперед более чем на 1 км. Каковы итоги двух недель военной спецоперации на Украине Политика Вечером 4 марта Минобороны России сообщило, что народная милиция ЛНР заняла несколько населенных пунктов: Шандриголово, Александровку, Дерилово, Среднее, Лозовое. Все они находятся к северу или северо-западу от города Красный Лиман. Народная милиция ДНР заняла четыре населенных пункта: Розовку, Труженку, Знаменовку и Пузатое. Российские войска заняли несколько населенных пунктов в Запорожской области, в том числе город Пологи. На Украине частично затопили флагманский корабль — фрегат «Гетман Сагайдачный», сообщил Центр стратегических коммуникаций и информационной безопасности при правительстве страны. В ночь с 3 на 4 марта в учебно-тренировочном корпусе рядом с Запорожской АЭС произошел пожар. Он был потушен. В Киеве указывают, что основное оборудование атомной электростанции не пострадало. Глава МАГАТЭ Мариано Гросси сообщил, что изменения радиационного фона в районе АЭС не зафиксировано. Министерство обороны России утверждает, что пожар на АЭС устроила украинская диверсионная группа. В военном ведомстве случившееся назвали попыткой чудовищной провокации. 3 марта Министерство обороны России сообщило, что город Балаклея (Харьковская область) «освобожден от националистических батальонов». Помимо этого российские войска, действуя смежным флангом с подразделениями ДНР, взяли под контроль несколько населенных пунктов в Запорожской области, среди которых Синяя Гора, Сладкая Балка, Ильченково. В военном ведомстве России рассказали также, что в результате нанесения удара высокоточным оружием большой дальности выведен из строя резервный технологический радиотелевизионный центр в районе Лысая Гора в Киеве, использовавшийся СБУ для психологических операций против России. Жертв и разрушений жилых домов нет. Народная милиция ЛНР вышла на рубеж Красный Лиман — Приволье — северная окраина Северодонецка. Силы ДНР, окружившие Мариуполь, заняли село Водяное, а также Сартану и Виноградное. 2 марта Минобороны России сообщило об установлении контроля над Херсоном, а также Васильевкой и Токмаком (Запорожская область). В Луганской области народная милиция ЛНР установила контроль над городами Старобельск и Сватово. Глава республики Леонид Пасечник сообщил, что бои идут за Северодонецк. Позже в народной милиции ЛНР заявили о занятии райцентра Новоайдар к северо-западу от Луганска. Также 3 марта Минобороны России сообщило, что народная милиция ДНР соединилась с подразделениями российской армии, двигавшимися с запада. Основная группировка ВСУ в Донбассе, таким образом, оказалась отрезана от Азовского моря. 27 февраля Минобороны России сообщило о блокировании Херсона и Бердянска, а также занятии Геническа (Херсонская область). По данным российского военного ведомства, в Харьковской области оружие сложил 302-й зенитный ракетный полк украинской армии, «задержан 471 военнослужащий». Народная милиция ЛНР заняла населенные пункты Новоахтырка, Смоляниново (к востоку от Северодонецка), Станицу Луганскую. В ДНР, по данным российского военного ведомства, силы народной милиции завершают разгром резервов оперативно-тактической группы «Восток» в районе Волновахи. 26 февраля Минобороны России отчиталось, что российские войска за ночь взяли под полный контроль Мелитополь. 25 февраля военные сообщали, что блокировали Киев с западной стороны, а также Чернигов, Сумы и Конотоп. Утром 25 февраля Минобороны России объявило, что военные договорились о совместной защите Чернобыльской АЭС с украинским батальоном охраны. Контроль над электростанцией был установлен накануне. В военном ведомстве заявили также о занятии острова Змеиный в Одесской области Украины. Гарнизон Змеиного сложил оружие. Вечером 24 февраля Министерство обороны России сообщило о возобновлении подачи воды в Северо-Крымский канал. Это произошло после высадки десанта на подходах к Херсону. Глава Крыма Сергей Аксенов заявил, что водная блокада полуострова завершена. Министерство обороны России утром 24 февраля сообщило о точечных ударах по объектам военной инфраструктуры Украины. Атакованы были аэродромы и командные пункты в районе Киева, Харькова и Одессы. В военном ведомстве заявили о подавлении средств ПВО Украины, уничтожении инфраструктуры авиабаз Украины. Украинские власти сообщили об артиллерийских обстрелах военных частей и складов в Киевской, Хмельницкой, Днепропетровской, Винницкой областях. Погранслужба Украины утром 24 февраля сообщила об атаках и обстрелах по всей границе от Житомирской области (граничащей только с Белоруссией) до Луганской, а также из Крыма. В Киеве также утверждали о переходе границы российскими частями. ФСБ сообщила, что все пограничные подразделения Украины покинули свои места дислокации на границе с Россией. Вечером 24 февраля в Киеве уведомили МАГАТЭ, что потеряли контроль над Чернобыльской АЭС. Власти ДНР сообщили, что обстреливают украинские позиции по всей линии соприкосновения. Министерство обороны сообщило, что в направлении райцентра Волноваха (Донецкая область) народная милиция ДНР продвинулась на 7 км. Также идут бои в районе населенного пункта Степовое (к северу от Станицы Луганской). Днем 25 февраля Минобороны России сообщило, что российский Су-25 потерпел аварию на Украине «из-за ошибки техники». В военном ведомстве сообщили, что пилот катапультировался и уже вернулся в свою часть. Вечером в военном ведомстве России сообщили о крушении в Воронежской области Ан-26 с военным снаряжением. Причиной аварии назван отказ техники. Экипаж самолета погиб. Какие санкции ввели против России 15 марта Евросоюз вслед за США ужесточил санкции против России. Четвертый санкционный пакет предусматривает ограничения на торговлю железом, сталью и предметами роскоши. Санкции коснутся частных лиц и организаций, а также они включают запрет на доступ к услугам рейтинговых агентств. Точный список пока не приводится, ЕС обещает, что в него включат «лоббистов и пропагандистов». Глава Минфина Франции заявил, что новые санкции могут затронуть более 600 россиян. Страны G7 (США, Канада, Япония, Великобритания, Германия, Франция, Италия) объявили новый раунд экономических санкций против России: Москва потеряет статус наибольшего благоприятствования при торговле с этими странами. Кроме того, США прекратят поставки в Россию долларовых банкнот и экспорт предметов роскоши. Они также запрещают импорт российских морепродуктов, спиртных напитков и алмазов. США ввели санкции против лидера КПРФ Геннадия Зюганова, спикера Госдумы Вячеслава Володина и еще 10 депутатов нижней палаты парламента. Под ограничения попало управление Новикомбанка и «АБР Менеджмента», члены правления ВТБ, супруга Пескова Татьяна Навка и его взрослые дети. 9 марта Евросоюз ввел санкции против 14 российских бизнесменов и членов их семей, а также 146 членов Совета Федерации, которые голосовали за признание Донецкой и Луганской народных республик. Под санкции ЕС попали Александр Винокуров (президент Marathon Group), Дмитрий и Александр Пумпянские (ТМК), Галина Пумпянская («Синара»), Андрей Гурьев (гендиректор «ФосАгро»), Вадим Мошкович (председатель совета директоров «РусАгро»), Дмитрий Мазепин (генеральный директор «Уралхима») (а также его сын, бывший гонщик «Формулы-1» Никита Мазепин), Михаил Полубояринов (гендиректор «Аэрофлота»), Дмитрий Конов (председатель правления «Сибур-Холдинга»), Михаил Осеевский (президент «Ростелекома»), Сергей Куликов (глава «Роснано»), Владимир Кириенко (глава VK), Андрей Мельниченко (СУЭК). США, ЕС и Великобритания ввели санкции против российского президента Владимира Путина и министра иностранных дел России Сергея Лаврова. Санкции подразумевают заморозку зарубежных активов. В случае с ограничениями, наложенными ЕС и Британией, они не касаются передвижения. А вот в США Путину въезд запрещается, кроме случаев, специально определенных американскими властями. Под санкции США также попали министр обороны Сергей Шойгу и глава Генштаба Валерий Герасимов. США официально запретили американским физическим и юридическим лицам операции с российскими ЦБ, ФНБ и Минфином. Ограничения также введены в отношении РФПИ и его руководителя Кирилла Дмитриева. 4 марта США ввели санкции против основателя USM Holdings и «Металлоинвеста» Алишера Усманова, пресс-секретаря президента России Дмитрия Пескова, главы «Транснефти» Николая Токарева, миллиардеров Аркадия и Бориса Ротенбергов, предпринимателя Евгения Пригожина, главы ВЭБа Игоря Шувалова и главы «Ростеха» Сергея Чемезова. Всего в новый санкционный список попали 19 физлиц (Белый дом называет их олигархами) и 47 членов их семей. Помимо этого, Байден заявил, что новые ограничения коснутся в том числе и российской космической программы, а удар по экспорту высоких технологий должен затормозить развитие российской экономики, в том числе и модернизацию армии. ЕС запретил продавать, поставлять, передавать и экспортировать в Россию банкноты евро. Исключения будут делаться в том случае, если банкноты будут для личного пользования, или их обладателями будут лица с дипломатическим иммунитетом. 25 февраля ЕС ввел санкции против целого ряда отраслей российской экономики (финансы, оборонка, авиа- и судостроение). В частности, под ограничения попали Альфа-банк, банки «Открытие» и «Россия», Промсвязьбанк, Минобороны и СВР, РЖД, «Иркут», «Туполев», ракетно-космический центр «Прогресс». С ними запрещено совершать сделки, а также поставлять товары и технологии, оказывать финансовую помощь. Евросоюз ввел ограничения на депозиты в европейских банках: им запрещено принимать депозиты от российских граждан или российских юрлиц величиной свыше €100 тыс. на одну кредитную организацию. Также запрещена покупка и продажа финансовых инструментов, номинированных в евро, в интересах российских физлиц и юрлиц. Также ЕС объявил о санкциях против российского транспортного сектора. Они включают запрет на продажу воздушных судов и запчастей к ним. Канада ввела санкции против Центробанка и нескольких российских финансовых учреждений: «Сбера», ВТБ, «Открытия», Совкомбанка, Альфа-банка. Под ограничения попали РЖД, «Транснефть», «Газпром», Минфин, ЦБ, ФНБ и физические лица: депутаты Госдумы, глава Сбербанка Герман Греф, глава ВЭБ.РФ Игорь Шувалов, бизнесмен Евгений Пригожин и другие. 3 марта МИД Канады сообщил о санкциях в отношении десяти ключевых сотрудников компаний «Газпром» и «Роснефть». Кто именно попал под ограничения, не сообщается. Под санкции также попали бывший президент и экс-премьер Дмитрий Медведев, премьер-министр Михаил Мишустин, мэр Москвы Сергей Собянин, губернатор Санкт-Петербурга Александр Беглов. Япония в рамках нового санкционного пакета заморозит выдачу виз некоторым россиянам, активы российских финансовых учреждений и ограничит экспорт ряда товаров. Международный олимпийский комитет рекомендовал федерациям не допускать к соревнованиям российских и белорусских спортсменов. Из-за решения МОК россиянам отказали в участии в целом ряде крупных турниров. Также были отменены множество соревнований, запланированных в России. В частности, были перенесены финал футбольной Лиги чемпионов, этап Гран-при «Формулы-1», Всемирная шахматная олимпиада. Сборные России по футболу и хоккею не смогут сыграть на чемпионатах мира, российские футбольные клубы отстранены от участия в еврокубках. Великобритания 10 марта включила в санкционный список несколько российских бизнесменов, в том числе владельца «Челси» Романа Абрамовича. Им запрещен въезд в Соединенное Королевство, активы в стране замораживаются. Также под санкции попали Андрей Костин, Алексей Миллер, Олег Дерипаска, Николай Токарев, Дмитрий Лебедев, Игорь Сечин. Английская премьер-лига отстранила российского миллиардера Романа Абрамовича от управления «Челси». Данное решение не повлияет на соревновательную деятельность «Челси» в рамках специальной лицензии, выданной клубу правительством страны ранее, заявили в лиге. Российские меры поддержки экономики В России создан оперштаб по противодействию санкциям. Возглавит его премьер-министр Михаил Мишустин, его замами будут Андрей Белоусов и Сергей Собянин. Глава правительства также заявил, что власти введут временные ограничения на выход зарубежных инвесторов из российских активов. 10 марта премьер-министр Михаил Мишустин заявил, что внешнее управление на предприятиях с иностранным капиталом будет вводиться в том случае, если они решат покинуть Россию. В случае приостановки деятельности в России власти будут мониторить ситуацию. Правительство определилось со списком товаров иностранного производства, временно запрещенных к вывозу из России. В перечень вошли цистерны, турбины, локомотивы, вагоны, контейнеры, ТВЭЛы, двигатели и ножи. 9 марта правительство сообщило о намерении освободить граждан от уплаты НДФЛ с процентов по банковским вкладам. Сбор не будет взиматься с вкладчиков по доходам за этот и прошлый год. Этот налог еще ни разу не собирался: за 2021 год россияне должны были заплатить его до 1 декабря 2022 года. Михаил Мишустин сообщил о введении моратория до конца года на плановые проверки индивидуальных предпринимателей и малого бизнеса. Также правительство выделит 6 млрд руб. для сохранения льготных программ кредитования малого и среднего бизнеса. Помимо этого, Мишустин сообщил, что ИТ-компании на три года освободят от налога на прибыль. Правительство внесло в Государственную думу законопроект, в соответствии с которым Банк России может получить право приостанавливать на срок до шести месяцев операции и сделки кредитных организаций. Остановка возможна, если регулятор посчитает это необходимым для поддержания финансовой стабильности. Ространснадзор принял решение отменить плановые проверки организаций, которые используют самолеты Airbus и Boeing. Власти обсуждают пересмотр ставок по льготным ипотечным кредитам из-за роста ключевой ставки до 20%, сообщили источники РБК. Величину новых предельных процентов по госпрограммам банкирам пока не раскрыли. Со 2 марта из России запрещено вывозить валюту наличными на сумму свыше $10 тыс., соответствующий указ подписал Путин. Банк России разрешил компаниям самостоятельно принимать решение о выплате дивидендов и иных выплат по ценным бумагам. Нерезидентам выплачивать дивиденды не будут. Банк России запретил банкам проводить денежные переводы из России за рубеж нерезидентам, которые являются гражданами стран, объявивших о санкциях против России. Письмо с соответствующим распоряжением ЦБ разослал кредитным организациям 1 марта. Запрет действует с 1 по 31 марта 2022 года. Он касается физических и юридических лиц. В перечне стран, чьих граждан касается этот запрет, 43 государства. Среди них Великобритания, Германия, США и т.д. Мосбиржа установила запрет коротких продаж по евро на валютном и финансовом рынках. Минцифры подготовило меры поддержки операторов связи в условиях санкций. Среди них ослабление требований «закона Яровой», возможность менять тарифы, отсрочка по покрытию автодорог и небольших населенных пунктов сетями LTE. Правительство 10 марта внесло в Госдуму законопроект об антикризисных налоговых мерах. В частности, речь идет об освобождении гостиничного бизнеса от НДС на пять лет, повышении планки «налога на роскошь» для автомобилей до 10 млн руб., нулевой ставке налога на прибыль для ИТ-компаний на 2022–2024 годы, а также освобождении граждан от уплаты подоходного налога с процентов по банковским вкладам. Что говорил Владимир Путин в экстренном обращении Президент России Владимир Путин выступил с экстренным обращением и объявил о начале специальной военной операции в Донбассе. «Ее [операции] цель — защита людей, которые на протяжении восьми лет подвергаются издевательствам, геноциду со стороны киевского режима», — подчеркнул он. По его словам, Россия не может чувствовать себя в безопасности и существовать с постоянной угрозой со стороны Украины. Он подчеркнул, что военная операция в Донбассе будет проводиться в соответствии с Уставом ООН, решением Совета Федерации и договорами с ДНР и ЛНР. Что говорили на совещании Совбеза по Донбассу Что говорил Путин в своем обращении до того, как объявил о признании ДНР и ЛНР Новое обострение вокруг Украины Днем 18 февраля власти ДНР заявили о попытках украинских спецподразделений организовать диверсии на предприятиях. В их числе — химический завод в Горловке. В Донецке заявили, что главный удар украинская армия планирует нанести на Светлодарской дуге с целью перерезать линии коммуникаций между Донецком и Луганском. ДНР и ЛНР объявили эвакуацию населения на территорию России в связи с обострением.Позже была объявлена мобилизация. Находящиеся в запасе должны прибывать в военкоматы. МИДы ДНР и ЛНР отказались от предложений Киева о проведении внеочередного заседания контактной группы по урегулированию в Донбассе. Министр иностранных дел Украины Дмитрий Кулеба на своей странице в Twitter заявил, что никакого наступления на республики Донбасса Киев не планирует. По его словам, Украина рассчитывает на дипломатическое урегулирование конфликта. Заявления из Донецка и Луганска он назвал частью «российской пропаганды». Как Россия принимала украинских беженцев в 2014 году Политика Российские власти призвали Украину к переговорам. «Все, что нужно сделать Киеву, — это сесть за стол переговоров с представителями Донбасса и согласовать политические, военные, экономические и гуманитарные меры по завершению этого конфликта. Чем раньше это произойдет, тем лучше», — заявил президент России Владимир Путин. 19 февраля президент США Джо Байден заявил, что нападение российских войск на Украину может произойти «в ближайшие недели» и даже «в ближайшие дни». Владимир Зеленский во время Мюнхенской конференции потребовал созыва саммита стран — участниц Будапештского меморандума, предусматривавшего отказ Украины от ядерного оружия. При этом Зеленский заявил, что возврат Донбасса и Крыма в состав Украины возможен только мирным путем. Совместные польско-американские учения начались на юго-востоке страны, сообщил министр обороны Польши Мариуш Блащак. В рамках договоренностей с НАТО и двусторонних соглашений с США в Польше сейчас расквартированы около 5 тыс. американских солдат. Еще 4,7 тыс. военных прибыли в страну в качестве дополнительных сил «в связи с угрозой безопасности». Днем 21 февраля пресс-служба Южного военного округа сообщили, что на территорию Ростовской области прорвалась диверсионная группа с Украины. Для их эвакуации с территории Украины прибыли две бронемашины. Они были уничтожены, пять диверсантов убиты. По официальным данным, среди российских пограничников потерь нет. В ФСБ позже сообщили, что нарушившие границу БМП были обнаружены пограничниками. «Группа остановлена и при оказании вооруженного сопротивления уничтожена», — заявили в ведомстве. Министр иностранных дел Украины Дмитрий Кулеба опроверг бой в Ростовской области. Утром 21 февраля Пушилин сообщил, что в районе села Коминтерново (32 км от российской границы) 36-я бригада украинской армии атаковала позиции Народной милиции ДНР. «Идет бой у границы с Российской Федерацией», — заявил он. Позже в Министерстве государственной безопасности ДНР сообщили, что речь шла о диверсионной группе украинской армии, которая в Новоазовском районе (юг ДНР) пыталась пробиться к российской границе, подорвала ракетно-артиллерийский склад, но была встречена огнем. ФСБ России сообщила, что выпущенный с территории Украины снаряд разрушил строение в Ростовской области, которое в ведомстве назвали «местом несения службы пограничных нарядов». В МВД Украины сообщение об обстреле пограничного поста назвали провокацией. Что происходило до заявлений из Донецка и Луганска о готовящемся наступлении Сообщения о том, что Россия наращивает военное присутствие на границе с Украиной, начали появляться в западных СМИ в октябре 2021 года. В Кремле говорили, что перемещение российских войск по территории страны — исключительно дело России. МИД России 17 февраля опубликовал реакцию на ответы США по гарантиям безопасности. В Москве заявили, что конструктивного ответа от Вашингтона на российские предложения так и не последовало. «В отсутствие готовности американской стороны договариваться о твердых, юридически обязывающих гарантиях обеспечения нашей безопасности со стороны США и их союзников Россия будет вынуждена реагировать в том числе путем реализации мер военно-технического характера», — говорилось в сообщении внешнеполитического ведомства. Ответ России США по гарантиям безопасности Госсекретарь США Энтони Блинкен предложил российскому коллеге Сергею Лаврову провести встречу в Европе на следующей неделе. По его словам, он отправил Лаврову соответствующее письмо. Как считает Блинкен, эти переговоры могут открыть путь для встречи руководства двух стран. Несмотря на сообщения об отводе российских войск с учений в места постоянной дислокации, на Западе продолжили говорить о возможном вторжении на Украину. Президент США Джо Байден в четверг заявил, что Россия с «очень высокой» вероятностью может вторгнуться на Украину «в ближайшие несколько дней». По словам Байдена, он располагает информацией о том, что Москва собирается провести военную операцию «под чужим флагом». В Кремле на это ответили, что речь идет о нагнетании ситуации. The Washington Post со ссылкой на неназванных чиновников в Вашингтоне сообщила о том, что заявления Минобороны России там рассматривают как «уловку» с целью ввести западные страны в заблуждение. Президент Украины Владимир Зеленский заявил, что не видит смысла в прямых переговорах с ДНР и ЛНР. «Это бессмысленно. Просто они ничего не решают. Зачем на это тратить время?» — заявил он. Секретарь СНБО Украины Алексей Данилов заявил, что в Киеве не видят признаков подготовки полномасштабной операции со стороны России. По его мнению, целью провокацию было заставить Украину начать «военным путем мощно отвечать», а затем обвинить украинские власти в организации провокации."
14,https://www.rbc.ru/politics/28/03/2022/624179f69a7947dc09f19641,"Продвижения в вопросе о личной встрече президентов России и Украины Владимира Путина и Владимира Зеленского нет, заявил пресс-секретарь главы государства Дмитрий Песков. «Нет», — ответил он на соответствующий вопрос. Президент Украины Владимир Зеленский неоднократно выражал готовность встретиться с Путиным. В свою очередь, глава российской делегации на переговорах с Киевом Владимир Мединский говорил, что вопрос о встрече на высшем уровне подлежит обсуждению только после того, как стороны договорятся о мирном урегулировании. В Кремле идею о встрече на высшем уровне называли «концептуально возможной». Песков, говоря о возможной встрече двух президентов, заявил, что украинской стороне перед этим необходимо выполнить «домашнюю работу» — то есть согласовать результаты переговоров на уровне делегаций. Иначе, утверждал пресс-секретарь, главам государств «нечего будет фиксировать». Организовать встречу Путина и Зеленского на своей территории предлагали президенты Азербайджана и Турции Ильхам Алиев и Реджеп Тайип Эрдоган, причем последний делал это не один раз. В свою очередь, глава турецкого МИД Мевлют Чавушоглу заявил, что Путин говорил Эрдогану, что не возражает против встречи с Зеленским. С начала военной спецоперации России на Украине делегации обеих стран трижды встречались на территории Белоруссии, затем переговоры продолжились в видеоформате. Украинская сторона добивается вывода российских войск с территории страны и гарантий безопасности, а Россия — юридически оформленного отказа Украины от вступления в военные блоки и размещения вооружений на своей территории. Также Москва стремится добиться признания Киевом ДНР, ЛНР и вхождения Крыма в состав России. Очередной раунд переговоров, по словам министра иностранных дел Сергея Лаврова, должен состояться в очном формате в Стамбуле «сегодня-завтра». Песков при этом говорил, что в понедельник делегации только прибудут в Турцию, тогда как переговоры, вероятно, начнутся 29 марта."
15,https://www.rbc.ru/rbcfreenews/6240c7529a7947a50b4beebc,"Министр иностранных дел Турции Мевлют Чавушоглу провел телефонный разговор с российским коллегой Сергеем Лавровым, передает турецкий телеканал TRT World. Главы турецкого и российского МИД обсуждали «последние события на Украине». Какие именно темы они затронули, телеканал не уточнил. Турция выразила надежду на прекращение огня после переговоров в Стамбуле Политика Ранее военную операцию на Украине также обсудили российский и турецкий президенты Владимир Путин и Реджеп Тайип Эрдоган. «В ходе беседы президент Эрдоган подчеркнул необходимость прекращения огня, а также скорейшего [достижения] мира между Россией и Украиной, улучшения гуманитарной ситуации в регионе», — заявили в канцелярии турецкого лидера. В заявлении администрации Эрдогана также подчеркивалось, что Турция готова «всеми возможными способами» способствовать процессу урегулирования. Кроме того, Путин и Эрдоган договорились о проведении следующей встречи делегаций России и Украины в Стамбуле. Член украинской делегации Давид Арахамия сообщил, что очные переговоры пройдут с 28 по 30 марта. Глава делегации России Владимир Мединский анонсировал очную встречу 29–30 марта. «Мы надеемся, что встречи приведут к прекращению огня на длительное время и создадут возможность для мира», — заявил позже Чавушоглу."
16,https://www.rbc.ru/politics/27/03/2022/6240a5139a79479f63244bf9,"Владимир Путин и Реджеп Эрдоган договорились о проведении следующей встречи делегаций России и Украины в Стамбуле, сообщила канцелярия турецкого президента. Главы государств провели телефонный разговор, в ходе которого обсудили российско-украинский конфликт. «В ходе беседы президент Эрдоган подчеркнул необходимость прекращения огня, а также скорейшего [достижения] мира между Россией и Украиной, улучшения гуманитарной ситуации в регионе», — заявили в администрации Эрдогана. В заявлении подчеркивается, что Турция готова «всеми возможными способами» способствовать процессу урегулирования. Ранее в воскресенье член украинской делегации Давид Арахамия сообщил, что очные переговоры с российской стороной пройдут с 28 по 30 марта в Турции. Глава делегации России Владимир Мединский анонсировал очную встречу 29–30 марта, не указав место ее проведения. Мединский анонсировал очный раунд переговоров с Украиной Политика 24 февраля на Украине началась российская военная операция с целью «демилитаризации и денацификации». Украина ввела военное положение и разорвала дипломатические отношения с Россией. С начала военных действий стороны провели несколько раундов переговоров. Три из них были очными и прошли в Белоруссии, затем обсуждение продолжилось в видеоформате. В турецкой администрации сообщали, что делегации обсуждают шесть основных вопросов. Это денацификация Украины, демилитаризация и взаимные гарантии безопасности, отказ Киева от членства в НАТО, отказ от ограничений в отношении русского языка, статус республик Донбасса и принадлежность Крыма. Основные требования украинской стороны — вывод российских войск и гарантии безопасности. Мединский 25 марта заявил, что позиции сторон сближаются по второстепенным вопросам, но по главным темам делегации «топчутся на месте». Об этом же говорил и глава украинского МИДа Дмитрий Кулеба. Анкара не раз заявляла о готовности помочь в организации мирных переговоров. Эрдоган неоднократно предлагал провести встречу президентов России и Украины в Турции."
17,https://www.rbc.ru/rbcfreenews/623f151c9a79474537a69575,"В Босфорском проливе проблем с судоходством нет. Об этом заявил министр обороны Турции Хулуси Акар, передает газета Start. Ранее в проливе было обнаружено устройство, похожее на мину. «Сейчас для судоходства никаких проблем нет. Соответствующие части и команды наших ВМС продолжают работу», — сказал Акар журналистам. Video Турция перекрыла Босфор из-за «похожего на мину» предмета Общество Мина в Босфоре была обнаружена 26 марта в районе якорной стоянки Сарыер-Тюркели. После обнаружения устройства движение судов было приостановлено. Минобороны начало работы по нейтрализации взрывного устройства. Ранее в середине марта ФСБ России сообщила, что некоторые мины, установленные военными Украины на подходах к черноморским портам, из-за обрыва тросов под воздействием течения начали дрейфовать в Черное море. «Мины под воздействием ветра и течения свободно перемещаются (дрейфуют) в западной части Черного моря. Обрыв минрепов говорит о неудовлетворительном техническом состоянии мин», — отмечали в ФСБ и предупреждали, что течение может унести мины в Босфор и Средиземное море."
18,https://www.rbc.ru/politics/31/03/2022/6245617c9a7947bc739707c6,"Россия и Украина сейчас не обсуждают часть вопросов в отношениях между странами, заявил глава МИД Турции Мевлют Чавушоглу в интервью турецкому порталу A Haber. Чавушоглу считает, что наибольшего прогресса сторонам удалось достичь на встрече делегаций двух стран в Стамбуле, после которой Киев заявил, что Украина готова к нейтральному статусу, но хочет получить твердые гарантии безопасности. Однако, по его словам, до завершения переговоров далеко. «По некоторым вопросам достигнуто общее понимание консенсуса. Сейчас мы видим, что некоторые вопросы не обсуждаются», — сказал Чавушоглу. По его словам, стороны не могут договориться о гарантиях безопасности Украины, а также по двум «самым сложным» вопросам — статусе Крыма и Донбасса. Это вопросы, которые, по словам Чавушоглу, следует решать на уровне первых лиц обеих стран. Также Чавушоглу напомнил, что Киев намеревается провести референдум по поводу соглашения с Россией. «Если украинский народ скажет нет на референдуме, все пойдет прахом», — отмечает Чавушоглу. По его словам, если понимание по этим пунктам не будет достигнуто за один-два месяца, то конфликт будет продолжаться. Переговоры двух стран состоялись в Стамбуле 29 марта, делегаты встречались во дворце Долмабахче. Встреча, на которую изначально закладывали два дня, завершилась за один. К чему пришли Москва и Киев на переговорах во дворце османских султанов Политика После нее Россия объявила о сокращении военной активности на киевском и черниговском направлениях, а также о том, что получила письменные предложения украинской стороны, которые предполагают отказ от стремления вернуть Крым и Донбасс военным путем, нейтральный статус страны с международно-правовыми гарантиями и беспрепятственное вступление в Европейский союз. Киев по итогам переговоров сообщил, что предлагает обсуждать вопросы статуса Крыма и Донбасса отдельно, зафиксировав разные позиции по вопросу принадлежности территорий. Также Украина предлагает оговорить в соглашении, что в течение 15 лет страны не будут использовать вооруженные силы для решения крымского вопроса. Также Киев сообщил, что согласится на внеблоковый и безъядерный статус страны, если гарантами безопасности станут Великобритания, Китай, США, Турция, Франция, Канада, Италия, Польша и Израиль. Решение по договору о гарантиях должно быть принято на всеукраинском референдуме. Комментируя итоги переговоров, пресс-секретарь президента России Дмитрий Песков заявил, что передача предложений Киева Москве в письменном виде — это позитивный сдвиг, но о чем-то «многообещающем» договориться сторонам не удалось. Глава МИД России Сергей Лавров говорил 30 марта, что на встрече был достигнут существенный прогресс» в том, что касается обеспечения неядерного, внеблокового статуса Украины и гарантий ее безопасности «вне рамок Североатлантического альянса», а также заявил, что «украинские коллеги» понимают, что «вопросы Крыма и Донбасса окончательно решены». Минобороны России 30 марта объявило, что Вооруженные силы выполнили все основные задачи на киевском и черниговском направлениях в рамках спецоперации на Украине. Как пояснил официальный представитель ведомства Игорь Конашенков, военное командование планировало сковать украинские силы на поле боя и нанести такое поражение, которое не позволило бы Киеву использовать военные силы на донбасском направлении — его Вооруженные силы РФ определили для себя как главное. Эта задача была выполнена, и теперь на этих направлениях происходит плановая перегруппировка войск. Ранее российский Генштаб говорил, что штурм украинских городов, блокированных российскими военными: Киева, Харькова, Чернигова, Сум и Николаева — не приоритетная задача для Москвы. Главной задачей Минобороны называло «полное освобождение Донбасса»."
19,https://www.rbc.ru/politics/29/03/2022/6242c1c89a79474d6dc1aed8,"Переговоры делегаций России и Украины, которые начались утром 29 марта в Турции, не приведут ни к какому результату, считает глава Чеченской республики Рамзан Кадыров. Об этом он рассказал в Telegram. «Думаю о переговорах, которые проходят в Турции. И думаю, это мое мнение, убеждение, что от этих переговоров никакого толка не будет. Я считаю, что нужно закончить полностью начатое, уничтожить бандеровцев, нациков и шайтанов. И только тогда нужно принимать решение, что делать дальше. <...> Это мое мнение», — сказал Кадыров. Российский президент Владимир Путин 24 февраля объявил о начале специальной военной операции на Украине, целью которой являются «денацификация и демилитаризация» страны. Два дня спустя Кадыров подтвердил, что в спецоперации участвуют чеченские подразделения. В середине марта Кадыров приезжал в Мариуполь. Министр по национальной политике, внешним связям, печати и информации Чечни Ахмед Дудаев говорил, что Кадыров приезжал в город, чтобы «поднять боевой дух ребят» и доработать стратегию. 28 марта глава Чеченской республики заявил, что военные «дом за домом» прочесывают многоэтажки Мариуполя, и до «полного освобождения» города «осталось совсем недолго». Эрдоган обратился к делегациям перед переговорами Москвы и Киева Политика В Стамбуле утром 29 марта стартовал очередной раунд переговоров между Украиной и Россией по мирному урегулированию конфликта. Москва настаивает на заключении комплексного договора, который бы предусматривал «жизненно важные» для нее позиции, в том числе — «демилитаризацию, денацификацию» Украины, признание российского суверенитета над Крымом и независимости Луганской и Донецкой республик. Киев требует вывода российских войск и предоставления гарантий безопасности. Президент Украины Владимир Зеленский ранее говорил, что готов искать компромисс с Россией по вопросам Крыма и Донбасса, а также о том, что проведет всеукраинский референдум по достигнутым с Россией договоренностям. Сами переговоры он называл «иногда скандальными» и сложными, тем не менее, по его словам, они «продвигаются вперед». С конца февраля представители России и Украины провели уже несколько раундов переговоров. Сначала переговоры шли в очном формате — делегации трижды встречались в Белоруссии, затем перешли в видеоформат. Глава российской делегации Владимир Мединский говорил в середине марта, что позиции России и Украины «максимально сблизились» в обсуждении нейтрального статуса Украины и ее невступления в НАТО, однако позднее он заявил, что позиции сближаются по второстепенным вопросам, а в том, что касается ключевых — «топчутся на месте». Член украинской делегации и советник главы офиса президента страны Михаил Подоляк говорил, что обсуждение нейтрального статуса Украины может быть только с «абсолютными гарантиями безопасности», так как Киев не хочет «зависеть от бюрократических процедур, которые позволяют или не позволяют закрывать небо от тех же крылатых ракет», и ей нужны «жесткие гарантии, что небо будет обязательно закрыто». Сенатор Андрей Клишас, комментируя начало переговоров в Стамбуле 29 марта, написал в Telegram, что контакты делегаций нужны, «но нельзя забывать и про то, что стало с минскими соглашениями»."
20,https://www.rbc.ru/textonlines/29/03/2022/6216fb4d9a79474dc80e8821,"Президент России Владимир Путин 24 февраля объявил о начале спецоперации по «демилитаризации» и «денацификации» Украины. Что происходит на 61-й день операции, а также все самое важное о санкциях и других последствиях боевых действий. Параметры потенциального мирного договора между Россией и Украиной будут определяться ситуацией в зоне боевых действий, заявил Лавров. «Как в любой ситуации, когда применяются вооруженные силы, конечно же, все закончится договором. Но параметры этого договора будут определяться той стадией военных действий, на которые этот договор станет реальностью», — сказал министр в эфире «Первого канала». Вооружения, которые Запад поставляет Украине, будут законной военной целью для России, заявил глава МИД Сергей Лавров. «Конечно же, эти вооружения будут законной целью для российских вооруженных сил, которые действуют в рамках специальной операции», — сказал он в эфире «Первого канала». В Узбекистане наблюдается массовый приток ИТ-специалистов из России, рассказал РБК замминистра инвестиций и внешней торговли республики Шухрат Вафаев. «Визуально» присутствие российских ИТ-специалистов и компаний в Узбекистане с начала момента спецоперации «стало значительно заметно», говорит он. Вафаев счел такой приток «очень позитивным» для региона. По его словам, одним из ключевых вызовов для местных и иностранных инвесторов, в особенности тех, кто планирует реализовывать высокотехнологичные проекты, является качество кадров. «Наличие такого большого числа дополнительных специалистов в разных отраслях — это пойдет на пользу», — добавил замминистра. Губернатор Белгородской области Вячеслав Гладков заявил о начавшемся обстреле еще одного села — Журавлевки. «Должен был уехать в командировку в Москву, уже садился в поезд. Позвонила глава Журавлёвки Анжелика Васильевна. Начался обстрел села. Командировку отменил, остаюсь в регионе. Уже сейчас понятно, что есть пострадавшие мирные жители. Пока это двое раненых: мужчина с ранением в руку и женщина в область шеи. Машины скорой помощи уже выехали на место. Есть разрушения жилых домов. Масштабы оценим после подомового обхода. Все, что разрушено, восстановим», — написал он в Telegram. Компания Ural Motorcycles, занимающаяся выпуском тяжелых мотоциклов с коляской, переносит производство из России в Казахстан. Переезд связан с нехваткой ряда комплектующих, попадающих под санкции, а также с запретом на импорт техники из России. Подавляющая часть мотоциклов Ural идет в западные страны, в том числе в США. Polymetal, крупнейший производитель первичного серебра и второй по размеру производитель золота в России, отложил начало реализации золоторудного проекта Ведуга, которое было запланировано на третий квартал 2022 года, на 12–18 месяцев. Дополнительное время понадобится на то, чтобы переделать проект под оборудование из Китая и России. Polymetal не попал под западные санкции, но столкнулся с отказом транспортных компаний перевозить контейнеры с оборудованием в порт Санкт-Петербург, которым он ранее пользовался. К тому же теперь компании нужно собирать большой объем документов, чтобы доказывать, что против нее не вводились ограничения и товары, которые транспортируются, также не под санкциями, что удлиняет время транспортировки. Сводка Минобороны России, вечер 24 апреля: По требованию Роскомнадзора РБК приводит данные о деталях военной операции на Украине на основании информации российских официальных источников. Французский режиссер Мишель Хазанавичус изменил название своей зомби-комедии «Z (Comme Z)», которая откроет в этом году Каннский фестиваль. По словам режиссера, несколько месяцев назад название задумывалось как забавное, но сейчас таковым уже не является. Как пишет Variety, к режиссеру и дирекции Каннского кинофестиваля обратились представители Украинского института — госучреждения, которое представляет украинскую культуру и формирует положительный имидж страны в мире. В своем письме управляющий директор учреждения Владимир Шейко заявил, что буква Z является символом российской спецоперации и смена названия фильма может стать знаком протеста. В итоге в международный прокат картина выйдет под названием Final Cut («Окончательный монтаж»). Новое название фильма на французском языке — Coupé. С начала 2022 года иностранные государства объявили о высылке более 470 российских дипломатических сотрудников разного ранга. Всего за четыре месяца страны выслали больше российских дипломатов, чем в сумме за предшествовавший 21 год (с 2000 по 2021 год — 418 человек). Заявления о самых массовых высылках с начала года пришлись на время военной операции на Украине. Подробности — в инфографиках РБК. Новый обстрел в Белгородской области, под удар попала деревня Нехотеевка. «Был обстрел с украинской стороны Нехотеевки. Есть повреждённые жилые постройки и личный транспорт. Пострадавших среди мирных жителей нет», — сообщил губернатор Вячеслав Гладков. Швеция и Финляндия намерены одновременно подать заявку на членство в НАТО. Официальное сообщение о начале процесса присоединения стран к Североатлантическому альянсу может быть опубликовано в середине мая, сообщают со ссылкой на источники финская газета Iltalehti и шведское издание Expressen. Это должно произойти во время визита президента Финляндии Саули Ниинистё в Стокгольм. Швеция и Финляндия со времен Второй Мировой войны придерживались политики нейтралитета, однако популярность идеи о вступлении стран в НАТО начала быстро расти в конце февраля, после начала военных действий на Украине. У здания Министерства госбезопасности Приднестровья в Тирасполе прозвучали взрывы, сообщают местные СМИ. На фотографиях с места видно, что у здания выбиты стекла. Рядом с ним лежит несколько предметов, похожих на тубусы от гранатометов. Губернатор Белгородской области Вячеслав Гладков продлил до 10 мая действие «желтого» уровня террористической опасности на территории региона. «Также до 10 мая продлевается постановление о запрете запуска петард, фейерверков и салютов. Решение по салюту на День Победы будет принято дополнительно», — написал гладков в своем телеграм-канале. МИД России: Загреб отказал Москве в осуществлении гуманитарного рейса для эвакуации большой группы сотрудников посольства России с семьями, включая малолетних детей, которым власти предписали покинуть страну. «Вынуждены констатировать, что правительство Хорватии с упорством, достойным лучшего применения, продолжает развивать антироссийскую линию, настойчиво и планомерно разрушает двусторонние отношения, буквально опускаясь до козней», — заявила Мария Захарова."
21,https://www.rbc.ru/politics/31/03/2022/62458a7a9a7947d01ab75801,"Президент России Владимир Путин считает, что время для встречи с украинским президентом Владимиром Зеленским еще не пришло, заявил премьер Италии Марио Драги. Накануне, 30 марта, он провел телефонный разговор с Путиным. По словам Драги, он спросил у президента, планируется ли прекращение огня на Украине, на что тот ответил, что «условия еще не созрели». «Я также выразил убеждение, что для решения некоторых вопросов необходима встреча с президентом Зеленским, однако Путин повторил, что еще не время», — сказал Драги (цитата по La Stampa). К чему пришли Москва и Киев на переговорах во дворце османских султанов Политика О том, что встреча Путина и Зеленского возможна, глава российской делегации и помощник президента Владимир Мединский заявил 29 марта. Это произошло после переговоров российской и украинской делегаций в Стамбуле, по итогам которых Киев передал Москве письменные предложения по мирному договору. Украина, в частности, выразила согласие на принятие нейтрального статуса при обеспечении гарантий ее безопасности. Эти гарантии не будут распространяться на Донбасс и Крым, Киев также отказывается от возвращения этих территорий силовым путем. Россия в ответ на такой «шаг навстречу» также сделала «два огромных шага к миру», отметил Мединский. Первый — это обещание снизить военную активность под Киевом и Черниговом, а второй — возможность встречи президентов, которой неоднократно пыталась добиться Украина. По словам Мединского, переговоры на высшем уровне пройдут в момент, когда министры иностранных дел будут подписывать подготовленный мирный договор. Однако для подготовки такого документа еще «нужно пройти очень большой путь», отметил он."
22,https://www.rbc.ru/politics/26/03/2022/623f3dea9a79474e02a58986,"США расценивают статью 5 Вашингтонского договора как священный долг, заявил президент Джо Байден на встрече с польским коллегой Анджеем Дудой, сообщается на сайте Белого дома. «Мы принимаем статью 5 как священную обязанность, а не как что-то несерьезное. Это священная обязанность, которая касается каждого члена НАТО», — сказал Байден. Согласно этой статье, если одно государство — член НАТО подвергается нападению, все остальные государства — члены Североатлантического альянса будут считать это агрессией против всех натовских стран и должны оказать помощь. Американский лидер отметил, что НАТО остается полностью сплоченным, несмотря ни на что. «Что бы мы ни делали, мы делаем это в унисон», — заявил Байден. Военная операция на Украине. Главное Политика Президент России Владимир Путин, уверен Байден, рассчитывает, что сможет «разъединить натовские страны, отделить восточный фланг от западного, разделить нации», но он ошибается: альянс един. При этом в НАТО неоднократно заявляли, что не собираются посылать войска на Украину из-за опасения конфронтации с Россией. Американский президент встретился с польским коллегой в Варшаве. Лидеры обсудили усилия по санкционному давлению на Россию из-за ее действий на Украине. Страны привержены продолжению оказания поддержки Киеву и украинскому народу. Байден поблагодарил Дуду за то, что Польша открыла двери украинским беженцам, и пообещал поддержку усилий по оказанию гуманитарной помощи. Кроме того, американский лидер поговорил с украинскими беженцами и встретился с министром иностранных дел Украины Дмитрием Кулебой и министром обороны Алексеем Резниковым «для получения последней информации о военной, дипломатической и гуманитарной ситуации». На встрече присутствовали госсекретарь США Энтони Блинкен и министр обороны Ллойд Остин, с которыми их украинские коллеги переговорили ранее. Байден ранее уже говорил о том, что Путин «с самого начала» пытается сделать все, чтобы развалить НАТО. По его мнению, российскому президенту «предпочтительнее иметь дело с 30 независимыми странами, чем с 30 объединенными странами». Путин предлагал представить себе, что Украина вступила в НАТО, а статья 5 не отменена. «Недавно господин Байден сказал, что пятая статья — это абсолютный императив и будет исполнена. Значит, возникнет военная конфронтация между Россией и НАТО», — говорил он в начале февраля. Тогда Путин спросил натовские страны: «А вы хотите воевать с Россией?» 24 февраля Путин начал военную операцию на Украине с целью «демилитаризации» и «денацификации» соседней страны."
